factory,pool,token_x,token_y,bin_step,creation_block
0xa6630671775c4ea2743840f9a5016dcf2a104054,0x0142b6a053a1c5139fb84dd59f087b48f9cb89fb,0x5844a46276900aa30551aa50490cf4fbb57caf31,0x78c1b0c915c4faa5fffa6cabf0219da63d7f4cb8,100,86080552
0xa6630671775c4ea2743840f9a5016dcf2a104054,0x01691d6f16551e92754d1eff939a7d57e399e478,0xc96de26018a54d51c097160568752c4e3bd6c364,0x201eba5cc46d216ce6dc03f6a759e8e766e956ae,50,74667960
0xa6630671775c4ea2743840f9a5016dcf2a104054,0x01fa20ae3f75d7aeb17c7b484bcf80d496018438,0x371c7ec6d8039ff7933a2aa28eb827ffe1f52f07,0x78c1b0c915c4faa5fffa6cabf0219da63d7f4cb8,100,70524254
0xa6630671775c4ea2743840f9a5016dcf2a104054,0x03b589e01c92c3f1be62cacea39341ebfb7ab704,0xcabae6f6ea1ecab08ad02fe02ce9a44f09aebfa2,0x78c1b0c915c4faa5fffa6cabf0219da63d7f4cb8,50,66666121
0xa6630671775c4ea2743840f9a5016dcf2a104054,0x03beafc0d25bb553fca274301832419c05269987,0x78c1b0c915c4faa5fffa6cabf0219da63d7f4cb8,0x779ded0c9e1022225f8e0630b35a9b54be713736,100,90824058
0xa6630671775c4ea2743840f9a5016dcf2a104054,0x04a2785e9541c256cc23ec999fc83a91274ee3b9,0x1ca1050c5b6506cc97fa4ae32b6685af2021bafd,0x78c1b0c915c4faa5fffa6cabf0219da63d7f4cb8,100,71811644
0xa6630671775c4ea2743840f9a5016dcf2a104054,0x0680d0cda11093d6e5f66cbb14b9339cfe505616,0xdeaddeaddeaddeaddeaddeaddeaddeaddead1111,0x779ded0c9e1022225f8e0630b35a9b54be713736,25,90824058
0xa6630671775c4ea2743840f9a5016dcf2a104054,0x076990881b4901752db5d7887eb2cafa27af9ce8,0x7796f4e23a62ef3653829c21032a9e24beaf4cf5,0x779ded0c9e1022225f8e0630b35a9b54be713736,50,97652957
0xa6630671775c4ea2743840f9a5016dcf2a104054,0x0888b5571c97336c9d2b7ea323ffbf3871f54d22,0xc96de26018a54d51c097160568752c4e3bd6c364,0x78c1b0c915c4faa5fffa6cabf0219da63d7f4cb8,50,76579209
0xa6630671775c4ea2743840f9a5016dcf2a104054,0x0bc7500905a8d9fec5b6c36ae74e7627178cd067,0xde14068ea7d963bd3b36c7c0250d81b59e2b51d9,0x78c1b0c915c4faa5fffa6cabf0219da63d7f4cb8,100,85943534
0xa6630671775c4ea2743840f9a5016dcf2a104054,0x0d4da490a564b5e430c6717e2f794bd94eb642ff,0x26a6b0dcdcfb981362afa56d581e4a7dba3be140,0xcda86a272531e8640cd7f1a92c01839911b90bb0,25,64383996
0xa6630671775c4ea2743840f9a5016dcf2a104054,0x0e70c050d81e8d328694c9557af989610a411c45,0xe6829d9a7ee3040e1276fa75293bde931859e8fa,0xdeaddeaddeaddeaddeaddeaddeaddeaddead1111,5,72555602
0xa6630671775c4ea2743840f9a5016dcf2a104054,0x118e6794a2f8b2368304ab7bd5c426dcec06ec80,0x78c1b0c915c4faa5fffa6cabf0219da63d7f4cb8,0xcda86a272531e8640cd7f1a92c01839911b90bb0,50,87227294
0xa6630671775c4ea2743840f9a5016dcf2a104054,0x121c519b1fe2d15d982f16bc2fa9f29b5cc11d13,0x9f0c013016e8656bc256f948cd4b79ab25c7b94d,0xcda86a272531e8640cd7f1a92c01839911b90bb0,25,71030833
0xa6630671775c4ea2743840f9a5016dcf2a104054,0x134342284f824bd2e861598f330b7eca2afa0318,0x313b079d8e65d71b649c4f0089ae0df02b299af3,0x78c1b0c915c4faa5fffa6cabf0219da63d7f4cb8,25,86920496
0xa6630671775c4ea2743840f9a5016dcf2a104054,0x138a98ae0618d899296bb6c417f3ae29e78a0807,0x25356aeca4210ef7553140edb9b8026089e49396,0x78c1b0c915c4faa5fffa6cabf0219da63d7f4cb8,25,65997351
0xa6630671775c4ea2743840f9a5016dcf2a104054,0x1606c79be3ebd70d8d40bac6287e23005cfbefa2,0x78c1b0c915c4faa5fffa6cabf0219da63d7f4cb8,0xdeaddeaddeaddeaddeaddeaddeaddeaddead1111,10,69701772
0xa6630671775c4ea2743840f9a5016dcf2a104054,0x16c382c154dcf71e0110ee0c2b83f5982cb0c58c,0xcda86a272531e8640cd7f1a92c01839911b90bb0,0x779ded0c9e1022225f8e0630b35a9b54be713736,10,90824058
0xa6630671775c4ea2743840f9a5016dcf2a104054,0x1980c245f878bc3babf0bf00b9c3d1b074ea996f,0x8a3ed1f2d15b5015396f494cc1da977da38a6773,0xcda86a272531e8640cd7f1a92c01839911b90bb0,50,87226829
0xa6630671775c4ea2743840f9a5016dcf2a104054,0x1a43997eb0513300ef9bb7111a836870598a427f,0x68fa48b1c2fe52b3d776e1953e0e782b5044ce28,0x779ded0c9e1022225f8e0630b35a9b54be713736,50,97648730
0xa6630671775c4ea2743840f9a5016dcf2a104054,0x1bc31bd8746ef8c8a623d37f9d44166bbc31309f,0x09bc4e0d864854c6afb6eb9a9cdf58ac190d0df9,0x779ded0c9e1022225f8e0630b35a9b54be713736,25,95024729
0xa6630671775c4ea2743840f9a5016dcf2a104054,0x1c21f484cf32348d140d2cc59e1d6257db52c477,0x9f0c013016e8656bc256f948cd4b79ab25c7b94d,0x78c1b0c915c4faa5fffa6cabf0219da63d7f4cb8,50,71031202
0xa6630671775c4ea2743840f9a5016dcf2a104054,0x1f20f0895df44d33cf8144a52de811871a21ef4b,0x00000000efe302beaa2b3e6e1b18d08d69a9012a,0x201eba5cc46d216ce6dc03f6a759e8e766e956ae,1,70423468
0xa6630671775c4ea2743840f9a5016dcf2a104054,0x1f9d94c13c9d9a3b67d62c15df9d135321c741ea,0x78c1b0c915c4faa5fffa6cabf0219da63d7f4cb8,0xe6829d9a7ee3040e1276fa75293bde931859e8fa,10,71044526
0xa6630671775c4ea2743840f9a5016dcf2a104054,0x2093a6fd094124a55f180dcea5033c3bf481100e,0x5d3a1ff2b6bab83b63cd9ad0787074081a52ef34,0x779ded0c9e1022225f8e0630b35a9b54be713736,1,90824058
0xa6630671775c4ea2743840f9a5016dcf2a104054,0x2108859ee809c9136595ea057f8239ead618b3fa,0x8b1f5ec3fa18ca8366de7cee9205b2d8e7b8450d,0x78c1b0c915c4faa5fffa6cabf0219da63d7f4cb8,100,66775488
0xa6630671775c4ea2743840f9a5016dcf2a104054,0x23b139ab960e2d64cb247edda8631b64e7a859d4,0xe6829d9a7ee3040e1276fa75293bde931859e8fa,0x78c1b0c915c4faa5fffa6cabf0219da63d7f4cb8,25,72709543
0xa6630671775c4ea2743840f9a5016dcf2a104054,0x2510336efb2e9ef96a78076615e923fff6caf608,0xdfc9409978bf6e5db656b24e0b6b1623d4adf12b,0x78c1b0c915c4faa5fffa6cabf0219da63d7f4cb8,100,67975214
0xa6630671775c4ea2743840f9a5016dcf2a104054,0x25a1673e0d8d904aaeb93b7964a716887320cdd6,0x8b1f5ec3fa18ca8366de7cee9205b2d8e7b8450d,0x201eba5cc46d216ce6dc03f6a759e8e766e956ae,25,64301609
0xa6630671775c4ea2743840f9a5016dcf2a104054,0x25b5bc9b96798862229dba332e180b4a985a0c8c,0x6e8d35248fe5216ae9e18def25fcc88a53ffc353,0x78c1b0c915c4faa5fffa6cabf0219da63d7f4cb8,25,86390655
0xa6630671775c4ea2743840f9a5016dcf2a104054,0x2612e3280ca8836f58173bf7ecc35e258dc1b54b,0xc96de26018a54d51c097160568752c4e3bd6c364,0xe6829d9a7ee3040e1276fa75293bde931859e8fa,25,71044526
0xa6630671775c4ea2743840f9a5016dcf2a104054,0x28aaf4323bab4caf4c954534f048f92d0c42b78f,0x58538e6a46e07434d7e7375bc268d3cb839c0133,0x78c1b0c915c4faa5fffa6cabf0219da63d7f4cb8,100,64048188
0xa6630671775c4ea2743840f9a5016dcf2a104054,0x28ed532f2ba3bf04d812c2cc7871c6573eb4409e,0x29cc30f9d113b356ce408667aa6433589cecbdca,0x201eba5cc46d216ce6dc03f6a759e8e766e956ae,100,90383937
0xa6630671775c4ea2743840f9a5016dcf2a104054,0x29350f5442f1335ee5bb7f9ea9d623bdd171d679,0x09bc4e0d864854c6afb6eb9a9cdf58ac190d0df9,0x78c1b0c915c4faa5fffa6cabf0219da63d7f4cb8,50,90517653
0xa6630671775c4ea2743840f9a5016dcf2a104054,0x2adc49c5c0eeda219b7bb24016c0cfcca0992294,0xdeaddeaddeaddeaddeaddeaddeaddeaddead1111,0x78c1b0c915c4faa5fffa6cabf0219da63d7f4cb8,50,76035545
0xa6630671775c4ea2743840f9a5016dcf2a104054,0x2aeeafc93100206af601849f7c4467499247b7a4,0x90700b3fd68021398d09ca97f3e1c72e9177714d,0x78c1b0c915c4faa5fffa6cabf0219da63d7f4cb8,100,86467770
0xa6630671775c4ea2743840f9a5016dcf2a104054,0x2b63608e3ffcde05789bd11e6ba64f37cfa513c5,0x371c7ec6d8039ff7933a2aa28eb827ffe1f52f07,0x4515a45337f461a11ff0fe8abf3c606ae5dc00c9,100,62270011
0xa6630671775c4ea2743840f9a5016dcf2a104054,0x2d7bf73aa7a5806f56e785ccec2c9a60c53f9d10,0xd2b4c9b0d70e3da1fbdd98f469bd02e77e12fc79,0x201eba5cc46d216ce6dc03f6a759e8e766e956ae,1,70740923
0xa6630671775c4ea2743840f9a5016dcf2a104054,0x2deaa7322f24cf8878e953e4955d5c2cd8573fe3,0x4515a45337f461a11ff0fe8abf3c606ae5dc00c9,0x78c1b0c915c4faa5fffa6cabf0219da63d7f4cb8,50,72557907
0xa6630671775c4ea2743840f9a5016dcf2a104054,0x2ee7bd894e2d59cf71276ffe07df77809f7ce39f,0x5ffe8ac3c7bf9218a4a0ee9d577868d42a49827d,0x78c1b0c915c4faa5fffa6cabf0219da63d7f4cb8,25,86390212
0xa6630671775c4ea2743840f9a5016dcf2a104054,0x2f2a2f16b3e159c60e44533e1465ee65345a5d0e,0x779f4e5fb773e17bc8e809f4ef1abb140861159a,0x78c1b0c915c4faa5fffa6cabf0219da63d7f4cb8,50,63571499
0xa6630671775c4ea2743840f9a5016dcf2a104054,0x2f71746b426a18d715b39bddc0f65ce55e68a0e9,0xe6829d9a7ee3040e1276fa75293bde931859e8fa,0x78c1b0c915c4faa5fffa6cabf0219da63d7f4cb8,50,76879739
0xa6630671775c4ea2743840f9a5016dcf2a104054,0x35930d6fd34bf32e2e301895df768ac97dcc7874,0x93e855643e940d025be2e529272e4dbd15a2cf74,0xdeaddeaddeaddeaddeaddeaddeaddeaddead1111,5,93170954
0xa6630671775c4ea2743840f9a5016dcf2a104054,0x35db358ccb1e9ff11d49fc7789949b3421b98931,0x78c1b0c915c4faa5fffa6cabf0219da63d7f4cb8,0x201eba5cc46d216ce6dc03f6a759e8e766e956ae,20,82226644
0xa6630671775c4ea2743840f9a5016dcf2a104054,0x365722f12ceb2063286a268b03c654df81b7c00f,0x78c1b0c915c4faa5fffa6cabf0219da63d7f4cb8,0x201eba5cc46d216ce6dc03f6a759e8e766e956ae,25,62270011
0xa6630671775c4ea2743840f9a5016dcf2a104054,0x368b148052a1a775dbe70e56d04474e54c694cac,0x09bc4e0d864854c6afb6eb9a9cdf58ac190d0df9,0x779ded0c9e1022225f8e0630b35a9b54be713736,1,90824058
0xa6630671775c4ea2743840f9a5016dcf2a104054,0x37ce36db1d4da489e4c95ead59d9018ccdb21698,0xcda86a272531e8640cd7f1a92c01839911b90bb0,0x201eba5cc46d216ce6dc03f6a759e8e766e956ae,100,66358292
0xa6630671775c4ea2743840f9a5016dcf2a104054,0x384a46c8114f8cda3d4c97d7939c09e40e6c6f13,0x25356aeca4210ef7553140edb9b8026089e49396,0x78c1b0c915c4faa5fffa6cabf0219da63d7f4cb8,100,64802870
0xa6630671775c4ea2743840f9a5016dcf2a104054,0x3880233e78966eb13a9c2881d5f162d646633178,0xc96de26018a54d51c097160568752c4e3bd6c364,0xcda86a272531e8640cd7f1a92c01839911b90bb0,25,66286073
0xa6630671775c4ea2743840f9a5016dcf2a104054,0x38e2a053e67697e411344b184b3abae4fab42cc2,0xe6829d9a7ee3040e1276fa75293bde931859e8fa,0x5d3a1ff2b6bab83b63cd9ad0787074081a52ef34,20,72555602
0xa6630671775c4ea2743840f9a5016dcf2a104054,0x39f99db78df6153b9a4aa8361f9fa32e78581261,0x0c1863ecca22a43dd14facedb67f1fcb3881fa59,0x78c1b0c915c4faa5fffa6cabf0219da63d7f4cb8,100,65086102
0xa6630671775c4ea2743840f9a5016dcf2a104054,0x3b6c029e6409f2868769871f9ed6825b15bdca15,0xcda86a272531e8640cd7f1a92c01839911b90bb0,0xdeaddeaddeaddeaddeaddeaddeaddeaddead1111,2,62270011
0xa6630671775c4ea2743840f9a5016dcf2a104054,0x3b81afe2733a14f4d40404c37a70c7ddaaae4744,0xabbeed1d173541e0546b38b1c0394975be200000,0x201eba5cc46d216ce6dc03f6a759e8e766e956ae,100,83789582
0xa6630671775c4ea2743840f9a5016dcf2a104054,0x3d887ce4988fb46aec6e0027171f65db3526e5f1,0xe6829d9a7ee3040e1276fa75293bde931859e8fa,0xcda86a272531e8640cd7f1a92c01839911b90bb0,1,70423468
0xa6630671775c4ea2743840f9a5016dcf2a104054,0x3d8c1d26defc414e51ce20939c11d7c685c3f624,0x9f0c013016e8656bc256f948cd4b79ab25c7b94d,0x201eba5cc46d216ce6dc03f6a759e8e766e956ae,50,71029101
0xa6630671775c4ea2743840f9a5016dcf2a104054,0x3e3289ece82ebf539aa435e0d6870e9aba6f6fb6,0x606174f62cd968d8e684c645080fa694c1d7786e,0x201eba5cc46d216ce6dc03f6a759e8e766e956ae,100,87766228
0xa6630671775c4ea2743840f9a5016dcf2a104054,0x3eb7e346f050c6c42bf94a69e63eaee28a602cfd,0x4515a45337f461a11ff0fe8abf3c606ae5dc00c9,0x201eba5cc46d216ce6dc03f6a759e8e766e956ae,100,85517976
0xa6630671775c4ea2743840f9a5016dcf2a104054,0x3f0047606dcad6177c13742f1854fc8c999cd2b6,0xcda86a272531e8640cd7f1a92c01839911b90bb0,0x201eba5cc46d216ce6dc03f6a759e8e766e956ae,10,63567523
0xa6630671775c4ea2743840f9a5016dcf2a104054,0x3fd47c1ed88ead59cd37686aedcc607b0886af22,0x482deb2f7b9608a80ea91e71f06380e9891501c6,0x201eba5cc46d216ce6dc03f6a759e8e766e956ae,100,75436064
0xa6630671775c4ea2743840f9a5016dcf2a104054,0x4030a25bee3a0423e74d91a21edf98d4886f3351,0x00000000efe302beaa2b3e6e1b18d08d69a9012a,0x78c1b0c915c4faa5fffa6cabf0219da63d7f4cb8,25,70190133
0xa6630671775c4ea2743840f9a5016dcf2a104054,0x408d76a5aac1a8deeae5dc11021c8b9f40cd0ff8,0xc845b2894dbddd03858fd2d643b4ef725fe0849d,0x779ded0c9e1022225f8e0630b35a9b54be713736,50,95305098
0xa6630671775c4ea2743840f9a5016dcf2a104054,0x4258119119557b43d61742132e6d446d7932d0cc,0x1bdd8878252daddd3af2ba30628813271294edc0,0x201eba5cc46d216ce6dc03f6a759e8e766e956ae,100,69675814
0xa6630671775c4ea2743840f9a5016dcf2a104054,0x431b024f9177a7cbf7e87cece755a59894330633,0x41dad4ef454a6093d20bcc32e16894166633c14d,0x78c1b0c915c4faa5fffa6cabf0219da63d7f4cb8,25,68014397
0xa6630671775c4ea2743840f9a5016dcf2a104054,0x43f1f18908537a35f09c543c43e29436a1dd9f0a,0xe8b201be5357c07f0aa58693f98fb048323777f9,0x201eba5cc46d216ce6dc03f6a759e8e766e956ae,100,73412726
0xa6630671775c4ea2743840f9a5016dcf2a104054,0x451368c461f9f4a70c434576b31ed5f258e765f5,0xdeaddeaddeaddeaddeaddeaddeaddeaddead1111,0xcda86a272531e8640cd7f1a92c01839911b90bb0,100,69427042
0xa6630671775c4ea2743840f9a5016dcf2a104054,0x45b376f13f8815e1c57703d1bf001077ef7ed362,0xc96de26018a54d51c097160568752c4e3bd6c364,0xcabae6f6ea1ecab08ad02fe02ce9a44f09aebfa2,2,66712377
0xa6630671775c4ea2743840f9a5016dcf2a104054,0x485f804d37dbba93b931acf7d56cc538f97f0cae,0x623b81bd78e4442cdc3bea7d4f97a87425563202,0x201eba5cc46d216ce6dc03f6a759e8e766e956ae,25,73783466
0xa6630671775c4ea2743840f9a5016dcf2a104054,0x48c1a89af1102cad358549e9bb16ae5f96cddfec,0x09bc4e0d864854c6afb6eb9a9cdf58ac190d0df9,0x201eba5cc46d216ce6dc03f6a759e8e766e956ae,1,62270011
0xa6630671775c4ea2743840f9a5016dcf2a104054,0x4a4fba148906cffd246ba0c2344eb48300e9db1d,0x93919784c523f39cacaa98ee0a9d96c3f32b593e,0x201eba5cc46d216ce6dc03f6a759e8e766e956ae,25,85003265
0xa6630671775c4ea2743840f9a5016dcf2a104054,0x4a8308ffc6b89d2d24c16e19056e9cf3c09f7f12,0x52b7d8851d6ccbc6342ba0855be65f7b82a3f17f,0xcda86a272531e8640cd7f1a92c01839911b90bb0,100,77695884
0xa6630671775c4ea2743840f9a5016dcf2a104054,0x4ee4ecb066eccf47c0231a5d27066dc56a4f6ad2,0x78c1b0c915c4faa5fffa6cabf0219da63d7f4cb8,0x201eba5cc46d216ce6dc03f6a759e8e766e956ae,50,69260816
0xa6630671775c4ea2743840f9a5016dcf2a104054,0x4f2833c5993a7dbcef486607727cd38a0592f3c2,0x58538e6a46e07434d7e7375bc268d3cb839c0133,0x78c1b0c915c4faa5fffa6cabf0219da63d7f4cb8,25,64048524
0xa6630671775c4ea2743840f9a5016dcf2a104054,0x517368c0ac4c21ac212ca613733c03a9a8f5332b,0x96630b0d78d29e7e8d87f8703de7c14b2d5ae413,0x78c1b0c915c4faa5fffa6cabf0219da63d7f4cb8,100,71032573
0xa6630671775c4ea2743840f9a5016dcf2a104054,0x55a53d0f6005a38a7c11e96e8452441482ed300c,0xd27b18915e7acc8fd6ac75db6766a80f8d2f5729,0x201eba5cc46d216ce6dc03f6a759e8e766e956ae,50,71593388
0xa6630671775c4ea2743840f9a5016dcf2a104054,0x572116a87868e8441d179a9beae807ef2539ea56,0x00000000efe302beaa2b3e6e1b18d08d69a9012a,0x779ded0c9e1022225f8e0630b35a9b54be713736,1,90824058
0xa6630671775c4ea2743840f9a5016dcf2a104054,0x5793fe38bd6370b15c16ce1db5721cf5f3ffc02c,0x09bc4e0d864854c6afb6eb9a9cdf58ac190d0df9,0x201eba5cc46d216ce6dc03f6a759e8e766e956ae,100,73259352
0xa6630671775c4ea2743840f9a5016dcf2a104054,0x5a59359a1ad9b0a59aa70145dfeceb6d9ee07253,0x00000000efe302beaa2b3e6e1b18d08d69a9012a,0x5d3a1ff2b6bab83b63cd9ad0787074081a52ef34,1,70740923
0xa6630671775c4ea2743840f9a5016dcf2a104054,0x5c237ace604bcc53978228dc10dbfeb565f1495c,0xe6829d9a7ee3040e1276fa75293bde931859e8fa,0xcda86a272531e8640cd7f1a92c01839911b90bb0,25,72746977
0xa6630671775c4ea2743840f9a5016dcf2a104054,0x5caae4e706cd69a1cd2d26808b666dbd5326df7d,0x58538e6a46e07434d7e7375bc268d3cb839c0133,0x201eba5cc46d216ce6dc03f6a759e8e766e956ae,25,64765866
0xa6630671775c4ea2743840f9a5016dcf2a104054,0x5d54d430d1fd9425976147318e6080479bffc16d,0x5d3a1ff2b6bab83b63cd9ad0787074081a52ef34,0x78c1b0c915c4faa5fffa6cabf0219da63d7f4cb8,25,70994078
0xa6630671775c4ea2743840f9a5016dcf2a104054,0x5d77886da50a8e57caa9ec5134de13de47fef06f,0x26a6b0dcdcfb981362afa56d581e4a7dba3be140,0x201eba5cc46d216ce6dc03f6a759e8e766e956ae,25,65852587
0xa6630671775c4ea2743840f9a5016dcf2a104054,0x5e15799529b0e0dd665f2aed917a5e4f30f884e6,0xd7782b99671dd23203ebd4584fc71cf2b3dbb111,0x201eba5cc46d216ce6dc03f6a759e8e766e956ae,50,64345945
0xa6630671775c4ea2743840f9a5016dcf2a104054,0x616bef777161cb6219ad20599aff8c943ffea952,0x78c1b0c915c4faa5fffa6cabf0219da63d7f4cb8,0x201eba5cc46d216ce6dc03f6a759e8e766e956ae,100,69427264
0xa6630671775c4ea2743840f9a5016dcf2a104054,0x6200af1abc128fa453110f3886f962827e7ad89f,0xf793ac038e7688aa3220005852836108cddb065c,0x201eba5cc46d216ce6dc03f6a759e8e766e956ae,100,70869889
0xa6630671775c4ea2743840f9a5016dcf2a104054,0x6913a53c34521ab1747afeaee9da42e5c139eb22,0xe6829d9a7ee3040e1276fa75293bde931859e8fa,0x78c1b0c915c4faa5fffa6cabf0219da63d7f4cb8,100,72626902
0xa6630671775c4ea2743840f9a5016dcf2a104054,0x7347581683e97bf3045bf02db35a1d6d01892577,0x5be26527e817998a7206475496fde1e68957c5a6,0x201eba5cc46d216ce6dc03f6a759e8e766e956ae,25,70781274
0xa6630671775c4ea2743840f9a5016dcf2a104054,0x74db2eb31d4b5a0522d3c2eb6dbd87aac21745f9,0xcda86a272531e8640cd7f1a92c01839911b90bb0,0x5d3a1ff2b6bab83b63cd9ad0787074081a52ef34,10,65983600
0xa6630671775c4ea2743840f9a5016dcf2a104054,0x74e0655bc7141314e5bc5b93bc9a83ca80f4fd8a,0x26a6b0dcdcfb981362afa56d581e4a7dba3be140,0xcda86a272531e8640cd7f1a92c01839911b90bb0,100,69843092
0xa6630671775c4ea2743840f9a5016dcf2a104054,0x791595ffb939f3df3ceb1ee12b358d22d6411248,0x93919784c523f39cacaa98ee0a9d96c3f32b593e,0xcda86a272531e8640cd7f1a92c01839911b90bb0,100,79710028
0xa6630671775c4ea2743840f9a5016dcf2a104054,0x79d6e5919b9cea29817095b744e41df8532be714,0x85d86061e94ce01d3da0f9efa289c86ff136125a,0x779ded0c9e1022225f8e0630b35a9b54be713736,100,92044097
0xa6630671775c4ea2743840f9a5016dcf2a104054,0x7c8180c45d5c6dbcc62c7d8aa24e8f54c85d5f66,0x6d4cfacb0ca7561762a562a148b601052798973a,0x78c1b0c915c4faa5fffa6cabf0219da63d7f4cb8,25,86390352
0xa6630671775c4ea2743840f9a5016dcf2a104054,0x7c995553be7c52eba887a639ea78e41671c9d34a,0xc96de26018a54d51c097160568752c4e3bd6c364,0x78c1b0c915c4faa5fffa6cabf0219da63d7f4cb8,25,81090654
0xa6630671775c4ea2743840f9a5016dcf2a104054,0x7ccd8a769d466340fff36c6e10ffa8cf9077d988,0x5d3a1ff2b6bab83b63cd9ad0787074081a52ef34,0x201eba5cc46d216ce6dc03f6a759e8e766e956ae,1,61786274
0xa6630671775c4ea2743840f9a5016dcf2a104054,0x7d70b8a5d675002a212feced447b87ac978f3ac0,0x1bdd8878252daddd3af2ba30628813271294edc0,0x78c1b0c915c4faa5fffa6cabf0219da63d7f4cb8,50,69386860
0xa6630671775c4ea2743840f9a5016dcf2a104054,0x7e78b65d0525339df5f4aa22b82d9e97584da8fc,0x5d3a1ff2b6bab83b63cd9ad0787074081a52ef34,0x09bc4e0d864854c6afb6eb9a9cdf58ac190d0df9,1,72555602
0xa6630671775c4ea2743840f9a5016dcf2a104054,0x7e805113bc19398fb54912ab5c18429e7f8f265f,0xd2b4c9b0d70e3da1fbdd98f469bd02e77e12fc79,0x78c1b0c915c4faa5fffa6cabf0219da63d7f4cb8,25,72260469
0xa6630671775c4ea2743840f9a5016dcf2a104054,0x7f7b53dc4d55060f748af467c7ce0b5ae7b0d953,0x18d3e4f9951fedcddd806538857ebed2f5f423b7,0x78c1b0c915c4faa5fffa6cabf0219da63d7f4cb8,25,74340352
0xa6630671775c4ea2743840f9a5016dcf2a104054,0x804c0a1a8b0f57b91e0e612cfe17babf4dc70d6c,0x313b079d8e65d71b649c4f0089ae0df02b299af3,0x78c1b0c915c4faa5fffa6cabf0219da63d7f4cb8,100,86886078
0xa6630671775c4ea2743840f9a5016dcf2a104054,0x8089b33749198f6ad9d52ba43b3d5151fa6af39f,0x4b7f28397b4294277e7825f224172944f4f5a877,0x78c1b0c915c4faa5fffa6cabf0219da63d7f4cb8,50,66031187
0xa6630671775c4ea2743840f9a5016dcf2a104054,0x80e894772df557a26625125a3757585c07fd1ae2,0x4515a45337f461a11ff0fe8abf3c606ae5dc00c9,0x5d3a1ff2b6bab83b63cd9ad0787074081a52ef34,25,68106075
0xa6630671775c4ea2743840f9a5016dcf2a104054,0x813dc86f31e83c0372ae523e851076df767472e1,0xcda86a272531e8640cd7f1a92c01839911b90bb0,0x201eba5cc46d216ce6dc03f6a759e8e766e956ae,25,63891061
0xa6630671775c4ea2743840f9a5016dcf2a104054,0x81ce5b3acf2ddfd28013a28edd90fa4b1f61430d,0xc96de26018a54d51c097160568752c4e3bd6c364,0x779ded0c9e1022225f8e0630b35a9b54be713736,25,96731699
0xa6630671775c4ea2743840f9a5016dcf2a104054,0x83e79e691b253ce40ae28451f0622a0e919cf3e5,0xcabae6f6ea1ecab08ad02fe02ce9a44f09aebfa2,0x78c1b0c915c4faa5fffa6cabf0219da63d7f4cb8,25,81090535
0xa6630671775c4ea2743840f9a5016dcf2a104054,0x84a0f6f79d2260102505c50946ea07e8dae5aab4,0xf793ac038e7688aa3220005852836108cddb065c,0x78c1b0c915c4faa5fffa6cabf0219da63d7f4cb8,100,70869528
0xa6630671775c4ea2743840f9a5016dcf2a104054,0x86aa95df876b67373eba42763a9c601d9818cffc,0x9f0c013016e8656bc256f948cd4b79ab25c7b94d,0xe6829d9a7ee3040e1276fa75293bde931859e8fa,100,71081256
0xa6630671775c4ea2743840f9a5016dcf2a104054,0x8751cc7fcbf2d0b366e2fd16caa2d67aff435cb2,0xd2b4c9b0d70e3da1fbdd98f469bd02e77e12fc79,0x201eba5cc46d216ce6dc03f6a759e8e766e956ae,25,70650748
0xa6630671775c4ea2743840f9a5016dcf2a104054,0x88eedd1683d0978dfe7efeb0b0a89a9f87c3cf57,0x482deb2f7b9608a80ea91e71f06380e9891501c6,0x78c1b0c915c4faa5fffa6cabf0219da63d7f4cb8,100,74837943
0xa6630671775c4ea2743840f9a5016dcf2a104054,0x8be71ffaf4dbcda2c7f9bd1e733fa86ca06bce44,0x26a6b0dcdcfb981362afa56d581e4a7dba3be140,0x201eba5cc46d216ce6dc03f6a759e8e766e956ae,100,65853017
0xa6630671775c4ea2743840f9a5016dcf2a104054,0x8f667c4dd15a19a759d9e1607069acfef43f5f74,0xf793ac038e7688aa3220005852836108cddb065c,0x78c1b0c915c4faa5fffa6cabf0219da63d7f4cb8,50,70869687
0xa6630671775c4ea2743840f9a5016dcf2a104054,0x8f98c9ff5754f84941fd5f8b77dc7bff1cfa90a0,0x375450706cb79ab749ebb90001bda10341dd82bc,0x78c1b0c915c4faa5fffa6cabf0219da63d7f4cb8,100,87628610
0xa6630671775c4ea2743840f9a5016dcf2a104054,0x90a14f2119d87e46bf60190cfb2c0b05eea0fb5a,0x3cdeca40b65c2983d9756b7835b369730be15cd6,0x78c1b0c915c4faa5fffa6cabf0219da63d7f4cb8,25,86390467
0xa6630671775c4ea2743840f9a5016dcf2a104054,0x91a555096a027f7dba645fdb73a18197a09e1e7c,0x8b1f5ec3fa18ca8366de7cee9205b2d8e7b8450d,0xcda86a272531e8640cd7f1a92c01839911b90bb0,100,66854736
0xa6630671775c4ea2743840f9a5016dcf2a104054,0x91c5aee46eba5f6b38b962ee248b9cef04b05244,0xe6829d9a7ee3040e1276fa75293bde931859e8fa,0x201eba5cc46d216ce6dc03f6a759e8e766e956ae,10,71044526
0xa6630671775c4ea2743840f9a5016dcf2a104054,0x93e81d138ba3279b75da381d0534bcef164f7fd3,0x8a3ed1f2d15b5015396f494cc1da977da38a6773,0x201eba5cc46d216ce6dc03f6a759e8e766e956ae,25,71646841
0xa6630671775c4ea2743840f9a5016dcf2a104054,0x96069f55d86daa102011f366628dedfa4425909a,0x78c1b0c915c4faa5fffa6cabf0219da63d7f4cb8,0xcda86a272531e8640cd7f1a92c01839911b90bb0,25,76909740
0xa6630671775c4ea2743840f9a5016dcf2a104054,0x98f1030d989e0ae19135d8ee186294f44e09ebba,0x9f0c013016e8656bc256f948cd4b79ab25c7b94d,0x78c1b0c915c4faa5fffa6cabf0219da63d7f4cb8,100,71026690
0xa6630671775c4ea2743840f9a5016dcf2a104054,0x99e195ff878cd12bb5b25b512d86ebf3fa0e86a2,0x779f4e5fb773e17bc8e809f4ef1abb140861159a,0x78c1b0c915c4faa5fffa6cabf0219da63d7f4cb8,100,63567896
0xa6630671775c4ea2743840f9a5016dcf2a104054,0x9ee2a2f30932e3633f0e2fca91eff4cb0bf814c4,0x9f0c013016e8656bc256f948cd4b79ab25c7b94d,0xcda86a272531e8640cd7f1a92c01839911b90bb0,100,71026333
0xa6630671775c4ea2743840f9a5016dcf2a104054,0x9fc9ea5eb12fefed6c098020fc4411dac6a6ffa5,0xc9fed320265eae213620bc2cffb8d7fefe53153d,0x78c1b0c915c4faa5fffa6cabf0219da63d7f4cb8,25,86390076
0xa6630671775c4ea2743840f9a5016dcf2a104054,0xa15c851afc33aab6e478d538a4a8c66cacc19686,0xdeaddeaddeaddeaddeaddeaddeaddeaddead1111,0x201eba5cc46d216ce6dc03f6a759e8e766e956ae,10,62613184
0xa6630671775c4ea2743840f9a5016dcf2a104054,0xa173552895307fc6b660b82bde54b877bc713ca1,0x6a720fbf4b4044adcd7da36a80a4abf97c9d7e19,0x78c1b0c915c4faa5fffa6cabf0219da63d7f4cb8,25,64329598
0xa6630671775c4ea2743840f9a5016dcf2a104054,0xa1c653c415db1c00dfd04ee26e624f959a0ed52f,0x09bc4e0d864854c6afb6eb9a9cdf58ac190d0df9,0x78c1b0c915c4faa5fffa6cabf0219da63d7f4cb8,25,70010935
0xa6630671775c4ea2743840f9a5016dcf2a104054,0xa1dc9aca3b07af1f0139cfb93b8fd2aabc5c588b,0x4515a45337f461a11ff0fe8abf3c606ae5dc00c9,0x201eba5cc46d216ce6dc03f6a759e8e766e956ae,25,89587443
0xa6630671775c4ea2743840f9a5016dcf2a104054,0xa3f04b09945e0acc1844f5b402e43a1add189b6b,0xc752f7ceffd8a52e541b256d2c73e65f8bac60c7,0x78c1b0c915c4faa5fffa6cabf0219da63d7f4cb8,100,66937265
0xa6630671775c4ea2743840f9a5016dcf2a104054,0xa46827791e25c2da09db40adb54833ec0e878a7d,0x7f4db37d7beb31f445307782bc3da0f18df13696,0xcda86a272531e8640cd7f1a92c01839911b90bb0,25,66454826
0xa6630671775c4ea2743840f9a5016dcf2a104054,0xa7060aead9b150272f0c168906ff39f33ee54a73,0x93e855643e940d025be2e529272e4dbd15a2cf74,0xdeaddeaddeaddeaddeaddeaddeaddeaddead1111,50,93160931
0xa6630671775c4ea2743840f9a5016dcf2a104054,0xa8d0992123346980780918a559db3ddb772a9462,0x91824fc3573c5043837f6357b72f60014a710501,0x78c1b0c915c4faa5fffa6cabf0219da63d7f4cb8,100,64522920
0xa6630671775c4ea2743840f9a5016dcf2a104054,0xa8e84f6eaf172c8e3cd5c53c760fce54b29e161b,0xdeaddeaddeaddeaddeaddeaddeaddeaddead1111,0x779ded0c9e1022225f8e0630b35a9b54be713736,10,90824058
0xa6630671775c4ea2743840f9a5016dcf2a104054,0xaa1e6d0fc12f012f8a778fd8c6e1f09f33fc5efa,0xdeaddeaddeaddeaddeaddeaddeaddeaddead1111,0x201eba5cc46d216ce6dc03f6a759e8e766e956ae,25,66769198
0xa6630671775c4ea2743840f9a5016dcf2a104054,0xaa2217a0aad4f92bb932f1872e3b0f1701123484,0xd2b4c9b0d70e3da1fbdd98f469bd02e77e12fc79,0xcda86a272531e8640cd7f1a92c01839911b90bb0,100,75349566
0xa6630671775c4ea2743840f9a5016dcf2a104054,0xaa5b9a9b7804d7748b385f758efb266aa780a982,0x00000000efe302beaa2b3e6e1b18d08d69a9012a,0x78c1b0c915c4faa5fffa6cabf0219da63d7f4cb8,10,70423468
0xa6630671775c4ea2743840f9a5016dcf2a104054,0xaae5d7fadc577bb7558904bb9c421ac9a2c77d50,0x26a6b0dcdcfb981362afa56d581e4a7dba3be140,0x201eba5cc46d216ce6dc03f6a759e8e766e956ae,50,82181041
0xa6630671775c4ea2743840f9a5016dcf2a104054,0xac6a7f9bcb8e497b1c27e22484c08964e86be6fc,0x1bdd8878252daddd3af2ba30628813271294edc0,0x78c1b0c915c4faa5fffa6cabf0219da63d7f4cb8,100,69347623
0xa6630671775c4ea2743840f9a5016dcf2a104054,0xafa082425d23892b077d8837c892e92e83dfe951,0xcabae6f6ea1ecab08ad02fe02ce9a44f09aebfa2,0xcda86a272531e8640cd7f1a92c01839911b90bb0,25,63564785
0xa6630671775c4ea2743840f9a5016dcf2a104054,0xb0bbb8c165a9b3487b62b56c251e669aec7a8813,0x4515a45337f461a11ff0fe8abf3c606ae5dc00c9,0x78c1b0c915c4faa5fffa6cabf0219da63d7f4cb8,25,65848181
0xa6630671775c4ea2743840f9a5016dcf2a104054,0xb1d35661e53c79a4a65ba9f7e3e42c01d755089a,0x6789e6c2800658f12bc7827806461f6e0ba15b40,0x78c1b0c915c4faa5fffa6cabf0219da63d7f4cb8,100,80719588
0xa6630671775c4ea2743840f9a5016dcf2a104054,0xb2a3c41d98ea6a028eeb8d95e5fc6381b8079ae0,0x211cc4dd073734da055fbf44a2b4667d5e5fe5d2,0x201eba5cc46d216ce6dc03f6a759e8e766e956ae,100,73866739
0xa6630671775c4ea2743840f9a5016dcf2a104054,0xb2f548b70e3f6117b212aa7e9a455aa96301baac,0xd27b18915e7acc8fd6ac75db6766a80f8d2f5729,0x78c1b0c915c4faa5fffa6cabf0219da63d7f4cb8,100,64396198
0xa6630671775c4ea2743840f9a5016dcf2a104054,0xb35998ca055d8507601f2696670a193b9c86e8cf,0xeac30ed8609f564ae65c809c4bf42db2ff426d2c,0xdeaddeaddeaddeaddeaddeaddeaddeaddead1111,50,94529955
0xa6630671775c4ea2743840f9a5016dcf2a104054,0xb544d0397447999b7cc85ac78c83bfe010b2e2fb,0x8c07b2c4ca7e64dbbf2e1d488ae8436af65ea1d5,0x78c1b0c915c4faa5fffa6cabf0219da63d7f4cb8,25,68014469
0xa6630671775c4ea2743840f9a5016dcf2a104054,0xbbf876cbf884512e3d521e8a575b61dd770b5706,0xeac30ed8609f564ae65c809c4bf42db2ff426d2c,0xdeaddeaddeaddeaddeaddeaddeaddeaddead1111,100,94302308
0xa6630671775c4ea2743840f9a5016dcf2a104054,0xbe55ae95ea3fc604d23f8d39679848e27048d62f,0x371c7ec6d8039ff7933a2aa28eb827ffe1f52f07,0xcda86a272531e8640cd7f1a92c01839911b90bb0,25,64601217
0xa6630671775c4ea2743840f9a5016dcf2a104054,0xc0729cde19741de280b230d650f0fdad2ad79d09,0x78c1b0c915c4faa5fffa6cabf0219da63d7f4cb8,0x779ded0c9e1022225f8e0630b35a9b54be713736,25,90824058
0xa6630671775c4ea2743840f9a5016dcf2a104054,0xc455fe28a76da80022d4c35a37eb08ff405eb78f,0xc96de26018a54d51c097160568752c4e3bd6c364,0xcabae6f6ea1ecab08ad02fe02ce9a44f09aebfa2,25,68319640
0xa6630671775c4ea2743840f9a5016dcf2a104054,0xc48a6a8262d0cf1b779fd0617a149fc82042d8d9,0x26a6b0dcdcfb981362afa56d581e4a7dba3be140,0x78c1b0c915c4faa5fffa6cabf0219da63d7f4cb8,100,69847534
0xa6630671775c4ea2743840f9a5016dcf2a104054,0xc53883b7a5271455cb155d5d4457fd3b2ba8367b,0xdeaddeaddeaddeaddeaddeaddeaddeaddead1111,0x78c1b0c915c4faa5fffa6cabf0219da63d7f4cb8,25,81072308
0xa6630671775c4ea2743840f9a5016dcf2a104054,0xc5a93b4df056e425a577b145bd06766d02223830,0xdeaddeaddeaddeaddeaddeaddeaddeaddead1111,0x779ded0c9e1022225f8e0630b35a9b54be713736,100,95909262
0xa6630671775c4ea2743840f9a5016dcf2a104054,0xc7450023885a3df8e7fc581f068531f6773295d2,0x29e408bd90212fa8cbfbee2e4ad63f0374daea62,0x78c1b0c915c4faa5fffa6cabf0219da63d7f4cb8,100,72517518
0xa6630671775c4ea2743840f9a5016dcf2a104054,0xcb582bcd5861ec50d7f74e21ff0b0c6f83ddda2f,0xeb466342c4d449bc9f53a865d5cb90586f405215,0x201eba5cc46d216ce6dc03f6a759e8e766e956ae,100,74739437
0xa6630671775c4ea2743840f9a5016dcf2a104054,0xcbabf9543cf35065ec8fe740992ea39ce07a4e90,0xe6829d9a7ee3040e1276fa75293bde931859e8fa,0xcda86a272531e8640cd7f1a92c01839911b90bb0,100,77636058
0xa6630671775c4ea2743840f9a5016dcf2a104054,0xcc0690a244d17e3336c476cf7a7aed47707c450e,0x984470edb95f7826e666007475522a6101cc29e8,0x78c1b0c915c4faa5fffa6cabf0219da63d7f4cb8,25,75876761
0xa6630671775c4ea2743840f9a5016dcf2a104054,0xcc631a92a5538646db422c9fffbc6ea48cd2243a,0x00000000efe302beaa2b3e6e1b18d08d69a9012a,0xcda86a272531e8640cd7f1a92c01839911b90bb0,10,70423468
0xa6630671775c4ea2743840f9a5016dcf2a104054,0xccf72369a2ed02f1185e2055544a89b2d48269b8,0x78c1b0c915c4faa5fffa6cabf0219da63d7f4cb8,0xe6829d9a7ee3040e1276fa75293bde931859e8fa,20,72555602
0xa6630671775c4ea2743840f9a5016dcf2a104054,0xcd5c43aa9342b9b16edafb4d4414c5a9ac1108d2,0x8a3ed1f2d15b5015396f494cc1da977da38a6773,0xcda86a272531e8640cd7f1a92c01839911b90bb0,100,87227390
0xa6630671775c4ea2743840f9a5016dcf2a104054,0xcde52365f4d51964e77de7203e7da718a4800b01,0x25356aeca4210ef7553140edb9b8026089e49396,0x201eba5cc46d216ce6dc03f6a759e8e766e956ae,100,75338626
0xa6630671775c4ea2743840f9a5016dcf2a104054,0xce38afccaa39bef8c5c7a06fc0aca0ceafbe5b88,0x9f0c013016e8656bc256f948cd4b79ab25c7b94d,0x201eba5cc46d216ce6dc03f6a759e8e766e956ae,25,71028896
0xa6630671775c4ea2743840f9a5016dcf2a104054,0xcf00e001f52b9424f8b34d2a8d33fbf151c65296,0x482deb2f7b9608a80ea91e71f06380e9891501c6,0x201eba5cc46d216ce6dc03f6a759e8e766e956ae,25,85265084
0xa6630671775c4ea2743840f9a5016dcf2a104054,0xd14b0dcd319551ae4d7b12787c00ee1c1f9e1d2e,0x68fa48b1c2fe52b3d776e1953e0e782b5044ce28,0x779ded0c9e1022225f8e0630b35a9b54be713736,100,96575448
0xa6630671775c4ea2743840f9a5016dcf2a104054,0xd413d10536221243fe3d5000814344a7d1495351,0x9f0c013016e8656bc256f948cd4b79ab25c7b94d,0x201eba5cc46d216ce6dc03f6a759e8e766e956ae,100,71028786
0xa6630671775c4ea2743840f9a5016dcf2a104054,0xd454744eda8f7d7d888ea87dd7741bd70a88aae1,0x91824fc3573c5043837f6357b72f60014a710501,0x201eba5cc46d216ce6dc03f6a759e8e766e956ae,100,64523067
0xa6630671775c4ea2743840f9a5016dcf2a104054,0xd4a1f03c2c4981f7b84b9de1af936bf34a20fa3a,0x4515a45337f461a11ff0fe8abf3c606ae5dc00c9,0x78c1b0c915c4faa5fffa6cabf0219da63d7f4cb8,100,62270011
0xa6630671775c4ea2743840f9a5016dcf2a104054,0xd5483a88e19ef875eba0982cdd0585ae044209a8,0xcabae6f6ea1ecab08ad02fe02ce9a44f09aebfa2,0x78c1b0c915c4faa5fffa6cabf0219da63d7f4cb8,100,63565816
0xa6630671775c4ea2743840f9a5016dcf2a104054,0xd5ff2ac28cca8428b2243433ee2a6316209b3f5c,0x8b1f5ec3fa18ca8366de7cee9205b2d8e7b8450d,0x78c1b0c915c4faa5fffa6cabf0219da63d7f4cb8,50,66776398
0xa6630671775c4ea2743840f9a5016dcf2a104054,0xd6537a6c12978ba613559f2a2747ba46ae5982cc,0x4b7f28397b4294277e7825f224172944f4f5a877,0x78c1b0c915c4faa5fffa6cabf0219da63d7f4cb8,100,69509222
0xa6630671775c4ea2743840f9a5016dcf2a104054,0xd9509b6ae9dd456ab955c1d9913147527a7055b9,0x8b1f5ec3fa18ca8366de7cee9205b2d8e7b8450d,0x201eba5cc46d216ce6dc03f6a759e8e766e956ae,100,64318598
0xa6630671775c4ea2743840f9a5016dcf2a104054,0xdc39d7a23d52309b45be6e13c4b7948c78ce854f,0x78c1b0c915c4faa5fffa6cabf0219da63d7f4cb8,0xcda86a272531e8640cd7f1a92c01839911b90bb0,100,69843277
0xa6630671775c4ea2743840f9a5016dcf2a104054,0xe19bae75f02042de137fa6951fdba50411de3bf3,0xc96de26018a54d51c097160568752c4e3bd6c364,0x78c1b0c915c4faa5fffa6cabf0219da63d7f4cb8,100,72765054
0xa6630671775c4ea2743840f9a5016dcf2a104054,0xe50019c79cbd7c49cffa7c3f8080ea238de75962,0x211cc4dd073734da055fbf44a2b4667d5e5fe5d2,0x5d3a1ff2b6bab83b63cd9ad0787074081a52ef34,5,72555602
0xa6630671775c4ea2743840f9a5016dcf2a104054,0xe5845383aa52f4d3a6f064c586bfca61bde09679,0x93919784c523f39cacaa98ee0a9d96c3f32b593e,0x201eba5cc46d216ce6dc03f6a759e8e766e956ae,100,69629699
0xa6630671775c4ea2743840f9a5016dcf2a104054,0xe819fd507c397dc94343bedbf820435251da37f7,0x4b7f28397b4294277e7825f224172944f4f5a877,0x201eba5cc46d216ce6dc03f6a759e8e766e956ae,25,64505497
0xa6630671775c4ea2743840f9a5016dcf2a104054,0xebb60e2ad988cb84766b37c3b0bb97538e0ca82b,0xd7782b99671dd23203ebd4584fc71cf2b3dbb111,0x201eba5cc46d216ce6dc03f6a759e8e766e956ae,100,64344383
0xa6630671775c4ea2743840f9a5016dcf2a104054,0xebbd8957b13856f11ee147185138bd17511a9a05,0xd27b18915e7acc8fd6ac75db6766a80f8d2f5729,0xcda86a272531e8640cd7f1a92c01839911b90bb0,100,67618407
0xa6630671775c4ea2743840f9a5016dcf2a104054,0xebcf4786cd1a47fe6a8ca75af674add06c84f4b4,0x371c7ec6d8039ff7933a2aa28eb827ffe1f52f07,0x78c1b0c915c4faa5fffa6cabf0219da63d7f4cb8,25,67471525
0xa6630671775c4ea2743840f9a5016dcf2a104054,0xef61d2e796901c7137bb1952c787a8fe36ec00c1,0x9f0c013016e8656bc256f948cd4b79ab25c7b94d,0xe6829d9a7ee3040e1276fa75293bde931859e8fa,20,71044526
0xa6630671775c4ea2743840f9a5016dcf2a104054,0xf0601aa87a7341a38034b49f9517dd3adc2ddec4,0xe6829d9a7ee3040e1276fa75293bde931859e8fa,0xdeaddeaddeaddeaddeaddeaddeaddeaddead1111,1,71061275
0xa6630671775c4ea2743840f9a5016dcf2a104054,0xf2f10b962cc5133b8fb5ef5c420823b9399ceaf0,0x7796f4e23a62ef3653829c21032a9e24beaf4cf5,0x779ded0c9e1022225f8e0630b35a9b54be713736,100,97648730
0xa6630671775c4ea2743840f9a5016dcf2a104054,0xf454db19509a8ed3ff05208cb2dbad72a72195ca,0x111111d2bf19e43c34263401e0cad979ed1cdb61,0x779ded0c9e1022225f8e0630b35a9b54be713736,100,94364362
0xa6630671775c4ea2743840f9a5016dcf2a104054,0xf53b930d94d687b7de1562beedfe7e31934dbd6a,0x9f0c013016e8656bc256f948cd4b79ab25c7b94d,0x00000000efe302beaa2b3e6e1b18d08d69a9012a,10,71177010
0xa6630671775c4ea2743840f9a5016dcf2a104054,0xf59c79b91877c2b5909e703117beab9b4b5df0d6,0x78c1b0c915c4faa5fffa6cabf0219da63d7f4cb8,0xcda86a272531e8640cd7f1a92c01839911b90bb0,10,62270011
0xa6630671775c4ea2743840f9a5016dcf2a104054,0xf6c9020c9e915808481757779edb53daceae2415,0x78c1b0c915c4faa5fffa6cabf0219da63d7f4cb8,0x201eba5cc46d216ce6dc03f6a759e8e766e956ae,15,61746701
0xa6630671775c4ea2743840f9a5016dcf2a104054,0xf74fd0be02d38aa954d0e74ac1a997612fb7b5be,0x93919784c523f39cacaa98ee0a9d96c3f32b593e,0x78c1b0c915c4faa5fffa6cabf0219da63d7f4cb8,100,75616980
0xa6630671775c4ea2743840f9a5016dcf2a104054,0xf76f7bdbc6214e1f78c22f35ba74446fd7e58d1b,0xdeaddeaddeaddeaddeaddeaddeaddeaddead1111,0x201eba5cc46d216ce6dc03f6a759e8e766e956ae,50,67184160
0xa6630671775c4ea2743840f9a5016dcf2a104054,0xf82ea495de6ac4e436898a726bfe5e271c3657aa,0x9f0c013016e8656bc256f948cd4b79ab25c7b94d,0x78c1b0c915c4faa5fffa6cabf0219da63d7f4cb8,20,71029530
0xa6630671775c4ea2743840f9a5016dcf2a104054,0xf93ec1880167fb1d6759397a965c392bd961f7c0,0x9f0c013016e8656bc256f948cd4b79ab25c7b94d,0x78c1b0c915c4faa5fffa6cabf0219da63d7f4cb8,25,77051648
0xa6630671775c4ea2743840f9a5016dcf2a104054,0xfa871e6d805bdd06c07a809932e6743fec731622,0xf4dfc8fdc06c71c48db9c9b26ed2480ca473645a,0x78c1b0c915c4faa5fffa6cabf0219da63d7f4cb8,100,64096172
0xa6630671775c4ea2743840f9a5016dcf2a104054,0xfb0887d603d99893f5dfa596e5655fca80a73258,0x8b1f5ec3fa18ca8366de7cee9205b2d8e7b8450d,0x201eba5cc46d216ce6dc03f6a759e8e766e956ae,50,66822327
0xa6630671775c4ea2743840f9a5016dcf2a104054,0xfc7d250769bbe6d8088f0615719cbcf6b1bdc4c2,0xc96de26018a54d51c097160568752c4e3bd6c364,0x201eba5cc46d216ce6dc03f6a759e8e766e956ae,25,69513205
0xa6630671775c4ea2743840f9a5016dcf2a104054,0xfc9d88653e2988b0e6525f1f521c974a25c88566,0x201eba5cc46d216ce6dc03f6a759e8e766e956ae,0x779ded0c9e1022225f8e0630b35a9b54be713736,1,87844244
0xa6630671775c4ea2743840f9a5016dcf2a104054,0xfcc3654088dc6b42ca181430d294a0dc44df477e,0xdeaddeaddeaddeaddeaddeaddeaddeaddead1111,0x78c1b0c915c4faa5fffa6cabf0219da63d7f4cb8,100,75234302
0xa6630671775c4ea2743840f9a5016dcf2a104054,0xfe99af0cc615d46a4b5b48dfe0478ffe74b2027a,0xe6829d9a7ee3040e1276fa75293bde931859e8fa,0x5d3a1ff2b6bab83b63cd9ad0787074081a52ef34,10,71044526
0xa6630671775c4ea2743840f9a5016dcf2a104054,0xff543ab2c870e67b3647accfd85aba22c1823fa0,0x85d86061e94ce01d3da0f9efa289c86ff136125a,0x78c1b0c915c4faa5fffa6cabf0219da63d7f4cb8,100,93461144
0xa6630671775c4ea2743840f9a5016dcf2a104054,0xff60fb8f429870ce4109aef3a4b7b33acb90b01b,0xcda86a272531e8640cd7f1a92c01839911b90bb0,0x779ded0c9e1022225f8e0630b35a9b54be713736,25,90824058
