hash,block_number,hops,pools
0x2025c95283c0cff9153dd7e523797b33a8b2e5a00a5c0e73db28c993c8b45e77,100902051,3,0x4e7685df06201521f35a182467feefe02c53d847|0xff53524d0e01a00ecec997d2ebb5f06860068709|0x32c1882baf179f6059d101aad3feac15b2b90da3
0xa87853d5ef4ff60702700eee513ffcb7ac1617b8a48f7177834bcd64d9682342,100898764,1,0x373c05fbe686fa1f3abf5e37ac74c4fac73d2e95
0x295ab9fdd20f40a2f28886b4ce37720f1d0b21a2952e0cecee0a17afc6f92624,100898625,1,0x3e5922cd0cec71dc2d60ec8b36aa4c05b7c1672f
0xf78646d230f8d1a24f18c51a8499c5a731804fa4d7afee44876629b5a90f907b,100898024,3,0x32c1882baf179f6059d101aad3feac15b2b90da3|0xff53524d0e01a00ecec997d2ebb5f06860068709|0x4e7685df06201521f35a182467feefe02c53d847
0x47aee6c41402836e84a2b7bc340ec2df4eea2e195618c928e11324305bac7a92,100897208,1,0x5c4de5fd6aa5d6802f302a9f6df275cbfc6d8220
0xa6bb356191ca1f244f31b6b15b0f2e6b820f9b31a0c014f07580fa5a9f486535,100897206,1,0xf4f2a6f5a72e594e8c901222544f93492543aefc
0x958538d268a37f225aa103133e240e05c371fee472d5b6d36669438253343765,100894431,2,0x3e5922cd0cec71dc2d60ec8b36aa4c05b7c1672f|0x4e7685df06201521f35a182467feefe02c53d847
0xc834ed66f3eb5da682d8e5cb9941e1cddcf6de10ee5a15a012bfe49b4a0ca4f4,100894430,2,0xf9cda48949ae1823eecdd314deecd8599ceaf7cc|0x373c05fbe686fa1f3abf5e37ac74c4fac73d2e95
0xfea447fd7e2622d3a7b9cbe1a6d21e9268480b465c295871a644abf633789ea2,100894430,1,0xe4765c8071f45c558e79f3ec9d77ac9af0058569
0x22712df7b9a8f8f0abbd322b5a471213540c8995a0313fb51bf9f085c2f1e506,100894428,2,0x5c819961990c9f4f9fbfd4101f1d4e565b8aa0a6|0x5d637c5c1ddda97fc6115fa68ca66e444c0f2686
0xce43a7a9835e9cdbd915f17a2484e99aa45a13de84453c7b3d6723422d3d1f5e,100894263,1,0x3e5922cd0cec71dc2d60ec8b36aa4c05b7c1672f
0xde68c557c92bb6ad6bf269b6635975d1af897eb377a937f3b58fc06a36d301da,100893658,1,0xa375ea3e1f92d62e3a71b668bab09f7155267fa3
0xbaadab11b150cb96447e176711d00560c4453f46b71c0cc3fc1a7e8f734a14f2,100889992,2,0x2c7c187e3990053c265f8a8d599b4323c6239ae8|0x5d637c5c1ddda97fc6115fa68ca66e444c0f2686
0x7989c0cbf8e32c38ef75074e4ff6e41744eb54849be8a46580ad7ef41e7e0ff7,100889992,1,0xf9cda48949ae1823eecdd314deecd8599ceaf7cc
0xd1b77d87c96d101905da7d66c0fbe8115c5511ec60a7cd6e49b31c01843dd304,100889990,2,0x9df1e55e6281b2c8c9211ce7fadcfbf49c7afd32|0x5d637c5c1ddda97fc6115fa68ca66e444c0f2686
0xc09e56efe97c7dc1f21859c3810c410ead6a2851283e84efec34ce48b1bfdb8c,100889990,1,0x3e5922cd0cec71dc2d60ec8b36aa4c05b7c1672f
0x7bce3f0bd6b845d1d200f7e58d63f7ba9cd0e44f3795b5cecadfc524e4aa9fa2,100889394,2,0xe706609c5fb4bf63a8f56b676a4dda3115fb79e9|0x373c05fbe686fa1f3abf5e37ac74c4fac73d2e95
0x400cfef212b14b448949fd85b6e7538b33adb7ff75fb6ed3766392d024fbc174,100889298,1,0xfa608f52956694ee43d493a9cc5bf84272cd2720
0x906f2fcf62d01cacacc64821abaa7555ec9e16e214de0dd97a1c175f7634d795,100873483,1,0x3b4bcd4574ba95a474689223dfd6f5675b1438e0
0x9ede9040e3886125405243f82bd68e39a9345c712824860e14fcf41697014e69,100854099,3,0xff53524d0e01a00ecec997d2ebb5f06860068709|0x32c1882baf179f6059d101aad3feac15b2b90da3|0x0b15691c828ff6d499375e2ca2070b08dd62369e
0x0293374576fbb55667fcfe7a811a7862a29e09f7a4f2525c79e3fb7cc91571ea,100853103,1,0xdf8254d083988d517ac6d457bdcf2af6ac50682c
0x1eae58c7ecdfb523c75c4ff1b33fdab0b5dd4e1e985c7acac5094513081abca2,100852842,1,0xdf8254d083988d517ac6d457bdcf2af6ac50682c
0x931588a066535afe08a54e7a1be7d78a2b0d704bf6e252876a69e44a43f7c343,100850896,2,0xc64639501bcee4c48ef05a46f7bedf00b3529a99|0xa7c728c4be834ddaf5c49ee4ced678d8aff49de6
0xf9fedd0e2b9db5c7a014dfdeec97636af08b720ffdb6cb80cf2ac398ab39cb69,100850156,1,0xf4f2a6f5a72e594e8c901222544f93492543aefc
0x2d09b9129399983df1d4f8a2c81ed6f2ff7738a361f408c5af03083abd741e5f,100850155,1,0x681966b68b3fbec92078ec56614f0b8b7f4fd17a
0x3709a539cd1cf3f0ddff5ee014a603c874efc7cfbe0f0f8f71477a9198d441de,100847936,1,0x3b4bcd4574ba95a474689223dfd6f5675b1438e0
0x360559205c4cc300878fa173c4c9ad78116cb6691866e0bef734b73705f1f6a4,100846562,1,0xfc79dc49dce4d0c97d4035f6083fe802172ffc87
0xc474f497e5d9aa09eacdfdd7848724e6e9cf86c10ba6ab898597233233f88d68,100846558,1,0xfa608f52956694ee43d493a9cc5bf84272cd2720
0x42d1786a0b1b64bb35aa438c257516c736adac43fd0ee294555dc11e5a471407,100846556,1,0xf4f2a6f5a72e594e8c901222544f93492543aefc
0x561557329c61770e0b2350f5f3334a6ac57a9013e0862c3522c6e04696d941ad,100846555,2,0xc6e63803544b96ea0470f9c55028db327e3cd9d9|0xaaa87a36b92344436adcd880677e6842b227d931
0x3cd1fee5c129e5ba6ff41b5c441777dc87ec7caf31c0df9b753e5d928f02ebb1,100846554,1,0xe706609c5fb4bf63a8f56b676a4dda3115fb79e9
0x161dfa7f90e33076cd762d3977fdbde2029d7597132675cdfb7e4c17ea29fb0e,100846553,2,0xf9cda48949ae1823eecdd314deecd8599ceaf7cc|0xaaa87a36b92344436adcd880677e6842b227d931
0xb58e05c09b9c6fd718e6eacb7d76abb850fea3aaa480d5006c7b303eb8d50ce6,100844114,3,0x5d637c5c1ddda97fc6115fa68ca66e444c0f2686|0x2c7c187e3990053c265f8a8d599b4323c6239ae8|0xfa608f52956694ee43d493a9cc5bf84272cd2720
0x26c5f7825e9b4f253048b6cb5f72577bbfbc65e532d33ddeece2afe4136fb104,100836425,2,0xff53524d0e01a00ecec997d2ebb5f06860068709|0x32c1882baf179f6059d101aad3feac15b2b90da3
0x813f14bf9458c5fcdefdef8150c466f81bd6fe310b27f2f964229d4a917e2738,100835096,2,0xf9cda48949ae1823eecdd314deecd8599ceaf7cc|0xfa608f52956694ee43d493a9cc5bf84272cd2720
0xbeeb32871822b25d9bb284b314fdb33ee561c1387919d75111e730b776bd84d9,100835096,2,0x3e5922cd0cec71dc2d60ec8b36aa4c05b7c1672f|0x3b4bcd4574ba95a474689223dfd6f5675b1438e0
0x8c88d017b15ce6259232a2eb39b414a98692efc9cc0adef71faf7c6f7add6264,100835063,1,0x3e5922cd0cec71dc2d60ec8b36aa4c05b7c1672f
0x9e34589d931b34575de4d516e148e2aa592dd1b7d96a6e1293a44cc20b213e5e,100835063,2,0xf9cda48949ae1823eecdd314deecd8599ceaf7cc|0xe706609c5fb4bf63a8f56b676a4dda3115fb79e9
0x63ddd64c347c56e030b870b84018c5f167ba40062755e4810978fca20fae78b6,100835030,1,0x3e5922cd0cec71dc2d60ec8b36aa4c05b7c1672f
0x043ef489fb16a9f7c392b4683ef84931e970e03064828f6dacad803e300c967d,100835030,2,0xf9cda48949ae1823eecdd314deecd8599ceaf7cc|0xe706609c5fb4bf63a8f56b676a4dda3115fb79e9
0x82dcbb5a1d4abc911b8501c70bb49e68a44a209b984d777086d40555d3846f4c,100834962,1,0x3e5922cd0cec71dc2d60ec8b36aa4c05b7c1672f
0xb7e8907fd37706008a95a9d1e764c573c83e8980d4d4485cea3e6fe55ecf979f,100834962,2,0xf9cda48949ae1823eecdd314deecd8599ceaf7cc|0xe706609c5fb4bf63a8f56b676a4dda3115fb79e9
0x86c23826ab40eef3efc087cc97f738ec4b88d520297309c55da42206e5388448,100834521,2,0x4e7685df06201521f35a182467feefe02c53d847|0x3e5922cd0cec71dc2d60ec8b36aa4c05b7c1672f
0xb96d4e3e56867fd666295547f10d6bfbf7bc9a232ab62aad4b1aca9a7f4b021f,100834519,1,0xc0c94dee13fbd76fab0633924f4fa73e12ec3a1a
0xd76d44db6beeb5b69ad2119706488ba52062352c6c37fdddfed837dc11db3c70,100834519,1,0xf9cda48949ae1823eecdd314deecd8599ceaf7cc
0xda63294f7cb5610ebd21dfbcbaf15d8be4755ca005ebce23d3b1721ebda53b36,100834482,1,0x5d637c5c1ddda97fc6115fa68ca66e444c0f2686
0x7dd904078386537787c9882b31224430d7169ce404a0bd6e3a21d9e6685d4dfa,100828310,1,0x8748e10925850891643f31beff1132e574260cd7
0x016242992c1160e4740832699b512fcd13643474640f9841a2a14fb0111e01ce,100823845,2,0xe855dae59c7abfedb47d4ae3bb0faa0b1c52a2bc|0x87ea83f40fccdb5e4a10fcc66a7a73b3f12bbf35
0x09bcb67c490e290ed7de6b06369de02ba5da76f9a8cfee68e6d8e157dbe21aff,100823839,2,0xe855dae59c7abfedb47d4ae3bb0faa0b1c52a2bc|0x87ea83f40fccdb5e4a10fcc66a7a73b3f12bbf35
0x5a2a8b56b5926da0e5413a2cd1703814e2d24272053a0ee073b7acb3fdd22b42,100823830,2,0xe855dae59c7abfedb47d4ae3bb0faa0b1c52a2bc|0x87ea83f40fccdb5e4a10fcc66a7a73b3f12bbf35
0x24d08e9a6bdd4a7dd70039efdf34168ff1880d70396e3a6c5a25692c89cc8784,100823812,2,0x87ea83f40fccdb5e4a10fcc66a7a73b3f12bbf35|0xe855dae59c7abfedb47d4ae3bb0faa0b1c52a2bc
0x8fc6a8c96799399c4f508fcb926bf39cf2293a8806e2c420a53b55f7f225e529,100823803,2,0x87ea83f40fccdb5e4a10fcc66a7a73b3f12bbf35|0xe855dae59c7abfedb47d4ae3bb0faa0b1c52a2bc
0xb8b73dd50abfe4e0a5e3678b40b4f98c9b4bd4f9be8a2d90a32845e8c5c8e6f3,100823799,2,0x87ea83f40fccdb5e4a10fcc66a7a73b3f12bbf35|0xe855dae59c7abfedb47d4ae3bb0faa0b1c52a2bc
0x3e7d01d87d37e00004d459ce8836d9ce7e65dc56c56928f0c62b52ca174bae9b,100817642,3,0x94c400b9eb9d371299143d7b1af1202f0f956d73|0xaede6c433bfb3fe714856d1b7b4b99690cc88d52|0x3b4bcd4574ba95a474689223dfd6f5675b1438e0
0xbab90663ec6e8ed8944052275da61236bae3d1f38a1ddfd10d07a881f771c20e,100817640,2,0xaede6c433bfb3fe714856d1b7b4b99690cc88d52|0x67f1e667ac60786b714b3d68a5ac35cc90441b73
0xcdef8caea71f803a0d07937521384f6f092d7ee9f2791b89bf047eae60ec0505,100804520,3,0x3e5922cd0cec71dc2d60ec8b36aa4c05b7c1672f|0xf4f2a6f5a72e594e8c901222544f93492543aefc|0xfa608f52956694ee43d493a9cc5bf84272cd2720
0x4b0ceac8cb7ba6c0a28a01b3c423e54befe3605c0f02381e8d5302bdcd45acdc,100802970,1,0x9698f1ab4b391d090ea38cfdca6802a20ff19642
0x6212771b27f216880673ee0cbe552750ee8fff32cef02c1f866c6635cd6802fc,100800092,1,0xf4f2a6f5a72e594e8c901222544f93492543aefc
0x14e283c04e5140ef0ccfcd8b92bf185f081481c8735afec745d5d0e684f672d7,100796531,1,0xfa608f52956694ee43d493a9cc5bf84272cd2720
0xd9b1b441c6a59c4136e6f0ccce4f9b01663ff6298bb98dabc52af2280d4c013c,100792556,2,0xff53524d0e01a00ecec997d2ebb5f06860068709|0x32c1882baf179f6059d101aad3feac15b2b90da3
0xd530c82f978b053c9a11f6394acfdce7e2174178a83ecca9bc3c192fd8ae9289,100785155,1,0x5d637c5c1ddda97fc6115fa68ca66e444c0f2686
0xc94525e4eb6786d52f9bd4989b6098309fde6e02bc9bd9e260fa76dfacda13eb,100780307,2,0x87ea83f40fccdb5e4a10fcc66a7a73b3f12bbf35|0xe855dae59c7abfedb47d4ae3bb0faa0b1c52a2bc
0xf0c9aba4da42c3ee3daf60ea05ed52c6cd4a2f162ecc5a622f053b9764f09ecc,100752153,3,0x3e5922cd0cec71dc2d60ec8b36aa4c05b7c1672f|0xff53524d0e01a00ecec997d2ebb5f06860068709|0x32c1882baf179f6059d101aad3feac15b2b90da3
0x6411bffa9d6cafb36d3adda1166a47a31104fc39b7574407bf001d9582367410,100749033,2,0xace7a42c030759ea903e9c39ad26a0f9b4a11927|0xbb2f514804ff60ee8a115993900bd369762ce548
0xcb94695ff1ee1c91c73264a944aedb96cf1570d2107dae47ec750cff415052f7,100732004,3,0xbacd8c1591333ff6ec52610c72ae534a6e28c860|0xcc0f771fef9e9248ff296d127fad7bf0c69e655f|0x3b4bcd4574ba95a474689223dfd6f5675b1438e0
0x3a0ba50ebe685312e8777af0df8df00c39bd293599e9bab02a6be48560a338b7,100723124,2,0x2c7c187e3990053c265f8a8d599b4323c6239ae8|0x5d637c5c1ddda97fc6115fa68ca66e444c0f2686
0x33d6311b39358f74b129943e3154d43cbf2c04e22e43a061c684f93c1c714551,100723116,1,0xf4f2a6f5a72e594e8c901222544f93492543aefc
0xf86fdb258a0973e1f594f82a3fd3b91cee3f028eec94395750514912493b9ba0,100706474,2,0x9df1e55e6281b2c8c9211ce7fadcfbf49c7afd32|0x5d637c5c1ddda97fc6115fa68ca66e444c0f2686
0x312a48be9d99dec2ba41690aefd64697dfa249eae9fc402ff52d5c01f495f602,100706474,1,0xf9cda48949ae1823eecdd314deecd8599ceaf7cc
0x342f0cf3d254663372d5485cca1a98cf336e2e5477f35e467b7ffc993a056e71,100702093,1,0x3b4bcd4574ba95a474689223dfd6f5675b1438e0
0xf1d65eaf792740af02a73aff60d8586a08d17292100c80d2ad194b4fd49d9934,100702090,3,0xaede6c433bfb3fe714856d1b7b4b99690cc88d52|0x3b4bcd4574ba95a474689223dfd6f5675b1438e0|0x67f1e667ac60786b714b3d68a5ac35cc90441b73
0xdbcee2b64280a76c2f912ac2e255e4aafa20edfdee815cb860074393305d65e0,100702085,3,0xbacd8c1591333ff6ec52610c72ae534a6e28c860|0xa375ea3e1f92d62e3a71b668bab09f7155267fa3|0x3b4bcd4574ba95a474689223dfd6f5675b1438e0
0xbe7ba5aca6cacf70a97e65ac4fe9ff3f3a945cb0a50b00b3c330ad9d548f8e0f,100702064,1,0x3b4bcd4574ba95a474689223dfd6f5675b1438e0
0x0f4aa42ff975b92b1e8b30a7ab0b30f44c94ccb79cdd0ff48da3d75202e1baf4,100702040,1,0x3b4bcd4574ba95a474689223dfd6f5675b1438e0
0xec18269de2d4afe817a047c091ed0be50b7410bd7a6a64a790032239e58f937f,100692017,2,0x8748e10925850891643f31beff1132e574260cd7|0xfa608f52956694ee43d493a9cc5bf84272cd2720
0x9775e64f65c9ce5631137ceb3b19117776820ecc29cdefc412c94e68a57dc168,100686312,2,0x776d50283cd843f5e383ad6d5729db5ef4867848|0xbd51f73d81cff395172a40a4de4af7b6cc5da05b
0x9093b96d27e7df482ca440e8ab6a39a4db251efcced07c355b0c92eb0d6ce40e,100674635,2,0xabaff1d3a706336570d4524ddff2b1e03e35542c|0x547ba2b1f5562fc72ca5f8c208724d751f1749ec
0x40f72689a7393c8237139f3dc349592b2d50d1a612cd3298fbc0e20db65e3159,100664730,2,0x9bb52162d59314a6f3d5ff1bad38ef595ec5814f|0x699075c242a6e792587f4fa6153e97768761c234
0x10df78b9681101bc984b0cf80c3a631fed4114ff6c7506da54201483eb339ab7,100663750,2,0x8fbad1a9ad1bafb6cc0bc7807ffa12115803e991|0xa4657555cbddc069ed3389ac03330020692b13c4
0xc59c388f83e1be7c09faa104379599393271ef8e70059309e49c67e69f3c7620,100659487,1,0x3b4bcd4574ba95a474689223dfd6f5675b1438e0
0x039043b213285e2e5fa3fbac86eee61682a1dae184245d80033c526420d90991,100651414,2,0xbb2f514804ff60ee8a115993900bd369762ce548|0xace7a42c030759ea903e9c39ad26a0f9b4a11927
0x71f574840d0e6ed1238864832db4b26fbb897a58a4d0845c28dc6f6de784eac8,100638966,1,0x373c05fbe686fa1f3abf5e37ac74c4fac73d2e95
0x097ecb18c86b3e9f0f0480bcaf4e12df80421513755f8921a35a20fdb05f4cff,100614637,1,0xf9cda48949ae1823eecdd314deecd8599ceaf7cc
